{"id": "uvpi-gqnh", "name": "2015 Street Tree Census - Tree Data", "assetType": "dataset", "attribution": "Department of Parks and Recreation (DPR)", "averageRating": 0, "category": "Environment", "createdAt": 1464956098, "description": "Street tree data from the TreesCount! 2015 Street Tree Census, conducted by volunteers and staff organized by NYC Parks & Recreation and partner organizations. Tree data collected includes tree species, diameter and perception of health. Accompanying blockface data is available indicating status of data collection and data release citywide.", "displayType": "table", "downloadCount": 8394, "hideFromCatalog": false, "hideFromDataJson": false, "indexUpdatedAt": 1536847042, "newBackend": true, "numberOfComments": 0, "oid": 26934350, "provenance": "official", "publicationAppendEnabled": false, "publicationDate": 1507125377, "publicationGroup": 11107849, "publicationStage": "published", "rowClass": "", "rowsUpdatedAt": 1507124486, "rowsUpdatedBy": "d5dp-fses", "tableId": 14506999, "totalTimesRated": 0, "viewCount": 24327, "viewLastModified": 1581122617, "viewType": "tabular", "approvals": [{"reviewedAt": 1507125377, "reviewedAutomatically": true, "state": "approved", "submissionId": 1068796, "submissionObject": "public_audience_request", "submissionOutcome": "change_audience", "submittedAt": 1507125377, "workflowId": 2285, "submissionDetails": {"permissionType": "READ"}, "submissionOutcomeApplication": {"failureCount": 0, "status": "success"}, "submitter": {"id": "5fuc-pqz2", "displayName": "NYC OpenData"}}], "columns": [{"id": 323256160, "name": "tree_id", "dataTypeName": "number", "description": "Unique identification number for each tree point.", "fieldName": "tree_id", "position": 1, "renderTypeName": "number", "tableColumnId": 36530655, "width": 184, "cachedContents": {"largest": "722694", "non_null": 683788, "average": "365205.0110853071", "null": 0, "top": [{"item": "189620", "count": 20}, {"item": "183515", "count": 19}, {"item": "179860", "count": 18}, {"item": "178849", "count": 17}, {"item": "191692", "count": 16}, {"item": "180028", "count": 15}, {"item": "195286", "count": 14}, {"item": "170513", "count": 13}, {"item": "192369", "count": 12}, {"item": "198289", "count": 11}, {"item": "203987", "count": 10}, {"item": "190040", "count": 9}, {"item": "179301", "count": 8}, {"item": "183963", "count": 7}, {"item": "181448", "count": 6}, {"item": "189461", "count": 5}, {"item": "191269", "count": 4}, {"item": "200250", "count": 3}, {"item": "192812", "count": 2}, {"item": "179969", "count": 1}], "smallest": "3", "sum": "249722804120"}, "format": {"precisionStyle": "standard", "noCommas": "true", "align": "right"}}, {"id": 323256161, "name": "block_id", "dataTypeName": "number", "description": "Identifier linking each tree to the block in the blockface table/shapefile that it is mapped on.", "fieldName": "block_id", "position": 2, "renderTypeName": "number", "tableColumnId": 36530656, "width": 196, "cachedContents": {"largest": "999999", "non_null": 683788, "average": "313793.0962359679", "null": 0, "top": [{"item": "104864", "count": 20}, {"item": "505216", "count": 19}, {"item": "222331", "count": 18}, {"item": "105692", "count": 17}, {"item": "223272", "count": 16}, {"item": "215928", "count": 15}, {"item": "343396", "count": 14}, {"item": "100329", "count": 13}, {"item": "203692", "count": 12}, {"item": "313012", "count": 11}, {"item": "204946", "count": 10}, {"item": "106508", "count": 9}, {"item": "407438", "count": 8}, {"item": "505322", "count": 7}, {"item": "208032", "count": 6}, {"item": "219493", "count": 5}, {"item": "105425", "count": 4}, {"item": "348303", "count": 3}, {"item": "102227", "count": 2}, {"item": "230377", "count": 1}], "smallest": "100002", "sum": "214567953689"}, "format": {"precisionStyle": "standard", "noCommas": "true", "align": "right"}}, {"id": 323256162, "name": "created_at", "dataTypeName": "calendar_date", "description": "The date tree points were collected in the census software.", "fieldName": "created_at", "position": 3, "renderTypeName": "calendar_date", "tableColumnId": 36530657, "width": 220, "cachedContents": {"largest": "2016-10-05T00:00:00", "non_null": 683788, "null": 0, "top": [{"item": "2015-07-16T00:00:00", "count": 20}, {"item": "2015-07-21T00:00:00", "count": 19}, {"item": "2015-07-22T00:00:00", "count": 18}, {"item": "2015-07-25T00:00:00", "count": 17}, {"item": "2015-07-27T00:00:00", "count": 16}, {"item": "2015-07-29T00:00:00", "count": 15}, {"item": "2015-08-01T00:00:00", "count": 14}, {"item": "2015-08-04T00:00:00", "count": 13}, {"item": "2015-08-03T00:00:00", "count": 12}, {"item": "2015-08-05T00:00:00", "count": 11}, {"item": "2015-08-06T00:00:00", "count": 10}, {"item": "2015-08-07T00:00:00", "count": 9}, {"item": "2015-08-08T00:00:00", "count": 8}, {"item": "2015-08-09T00:00:00", "count": 7}, {"item": "2015-08-10T00:00:00", "count": 6}, {"item": "2015-08-11T00:00:00", "count": 5}, {"item": "2015-08-12T00:00:00", "count": 4}, {"item": "2015-08-13T00:00:00", "count": 3}, {"item": "2015-08-15T00:00:00", "count": 2}, {"item": "2015-08-16T00:00:00", "count": 1}], "smallest": "2015-05-19T00:00:00"}, "format": {"view": "date", "align": "left"}}, {"id": 323256163, "name": "tree_dbh", "dataTypeName": "number", "description": "Diameter of the tree, measured at approximately 54\" / 137cm above the ground. Data was collected for both living and dead trees; for stumps, use stump_diam", "fieldName": "tree_dbh", "position": 4, "renderTypeName": "number", "tableColumnId": 36530658, "width": 196, "cachedContents": {"largest": "450", "non_null": 683788, "average": "11.27978701000895", "null": 0, "top": [{"item": "3", "count": 20}, {"item": "21", "count": 19}, {"item": "10", "count": 18}, {"item": "11", "count": 17}, {"item": "9", "count": 16}, {"item": "6", "count": 15}, {"item": "8", "count": 14}, {"item": "13", "count": 13}, {"item": "22", "count": 12}, {"item": "30", "count": 11}, {"item": "12", "count": 10}, {"item": "2", "count": 9}, {"item": "14", "count": 8}, {"item": "4", "count": 7}, {"item": "5", "count": 6}, {"item": "19", "count": 5}, {"item": "7", "count": 4}, {"item": "0", "count": 3}, {"item": "24", "count": 2}, {"item": "20", "count": 1}], "smallest": "0", "sum": "7712983"}, "format": {"precisionStyle": "standard", "noCommas": "false", "align": "right"}}, {"id": 323256164, "name": "stump_diam", "dataTypeName": "number", "description": "Diameter of stump measured through the center, rounded to the nearest inch.", "fieldName": "stump_diam", "position": 5, "renderTypeName": "number", "tableColumnId": 36530659, "width": 220, "cachedContents": {"largest": "140", "non_null": 683788, "average": "0.4324629856037251", "null": 0, "top": [{"item": "0", "count": 20}, {"item": "16", "count": 19}, {"item": "10", "count": 18}, {"item": "15", "count": 17}, {"item": "25", "count": 16}, {"item": "17", "count": 15}, {"item": "5", "count": 14}, {"item": "20", "count": 13}, {"item": "3", "count": 12}, {"item": "21", "count": 11}, {"item": "4", "count": 10}, {"item": "7", "count": 9}, {"item": "6", "count": 8}, {"item": "23", "count": 7}, {"item": "12", "count": 6}, {"item": "11", "count": 5}, {"item": "9", "count": 4}, {"item": "8", "count": 3}, {"item": "14", "count": 2}, {"item": "22", "count": 1}], "smallest": "0", "sum": "295713"}, "format": {"precisionStyle": "standard", "noCommas": "false", "align": "right"}}, {"id": 323256165, "name": "curb_loc", "dataTypeName": "text", "description": "Location of tree bed in relationship to the curb; trees are either along the curb (OnCurb) or offset from the curb (OffsetFromCurb)", "fieldName": "curb_loc", "position": 6, "renderTypeName": "text", "tableColumnId": 36530660, "width": 196, "cachedContents": {"largest": "OnCurb", "non_null": 683788, "null": 0, "top": [{"item": "OnCurb", "count": 20}, {"item": "OffsetFromCurb", "count": 19}], "smallest": "OffsetFromCurb"}, "format": {"displayStyle": "plain", "align": "left"}}, {"id": 323256166, "name": "status", "dataTypeName": "text", "description": "Indicates whether the tree is alive, standing dead, or a stump.", "fieldName": "status", "position": 7, "renderTypeName": "text", "tableColumnId": 36530661, "width": 172, "cachedContents": {"largest": "Stump", "non_null": 683788, "null": 0, "top": [{"item": "Alive", "count": 20}, {"item": "Stump", "count": 19}, {"item": "Dead", "count": 18}], "smallest": "Alive"}, "format": {"displayStyle": "plain", "align": "left"}}, {"id": 323256167, "name": "health", "dataTypeName": "text", "description": "Indicates the user's perception of tree health.", "fieldName": "health", "position": 8, "renderTypeName": "text", "tableColumnId": 36530662, "width": 172, "cachedContents": {"largest": "Poor", "non_null": 652172, "null": 31616, "top": [{"item": "Fair", "count": 20}, {"item": "Good", "count": 19}, {"item": "Poor", "count": 18}], "smallest": "Fair"}, "format": {"displayStyle": "plain", "align": "left"}}, {"id": 323256168, "name": "spc_latin", "dataTypeName": "text", "description": "Scientific name for species, e.g. \"Acer rubrum\"", "fieldName": "spc_latin", "position": 9, "renderTypeName": "text", "tableColumnId": 36530663, "width": 208, "cachedContents": {"largest": "Zelkova serrata", "non_null": 652169, "null": 31619, "top": [{"item": "Acer rubrum", "count": 20}, {"item": "Quercus palustris", "count": 19}, {"item": "Gleditsia triacanthos var. inermis", "count": 18}, {"item": "Tilia americana", "count": 17}, {"item": "Platanus x acerifolia", "count": 16}, {"item": "Ginkgo biloba", "count": 15}, {"item": "Acer saccharinum", "count": 14}, {"item": "Acer platanoides", "count": 13}, {"item": "Styphnolobium japonicum", "count": 12}, {"item": "Liquidambar styraciflua", "count": 11}, {"item": "Pyrus calleryana", "count": 10}, {"item": "Zelkova serrata", "count": 9}, {"item": "Tilia cordata", "count": 8}, {"item": "Fraxinus pennsylvanica", "count": 7}, {"item": "Prunus", "count": 6}, {"item": "Prunus cerasifera", "count": 5}, {"item": "Quercus rubra", "count": 4}, {"item": "Ulmus americana", "count": 3}, {"item": "Quercus bicolor", "count": 2}, {"item": "Acer", "count": 1}], "smallest": "Acer"}, "format": {"displayStyle": "plain", "align": "left"}}, {"id": 323256169, "name": "spc_common", "dataTypeName": "text", "description": "Common name for species, e.g. \"red maple\"", "fieldName": "spc_common", "position": 10, "renderTypeName": "text", "tableColumnId": 36530664, "width": 220, "cachedContents": {"largest": "willow oak", "non_null": 652169, "null": 31619, "top": [{"item": "red maple", "count": 20}, {"item": "pin oak", "count": 19}, {"item": "honeylocust", "count": 18}, {"item": "American linden", "count": 17}, {"item": "London planetree", "count": 16}, {"item": "ginkgo", "count": 15}, {"item": "silver maple", "count": 14}, {"item": "Norway maple", "count": 13}, {"item": "Sophora", "count": 12}, {"item": "sweetgum", "count": 11}, {"item": "Callery pear", "count": 10}, {"item": "Japanese zelkova", "count": 9}, {"item": "littleleaf linden", "count": 8}, {"item": "green ash", "count": 7}, {"item": "cherry", "count": 6}, {"item": "purple-leaf plum", "count": 5}, {"item": "northern red oak", "count": 4}, {"item": "American elm", "count": 3}, {"item": "swamp white oak", "count": 2}, {"item": "maple", "count": 1}], "smallest": "'Schubert' chokecherry"}, "format": {"displayStyle": "plain", "align": "left"}}, {"id": 323256170, "name": "steward", "dataTypeName": "text", "description": "Indicates the number of unique signs of stewardship observed for this tree. Not recorded for stumps or dead trees.", "fieldName": "steward", "position": 11, "renderTypeName": "text", "tableColumnId": 36530665, "width": 184, "cachedContents": {"largest": "None", "non_null": 652173, "null": 31615, "top": [{"item": "None", "count": 20}, {"item": "1or2", "count": 19}, {"item": "3or4", "count": 18}, {"item": "4orMore", "count": 17}], "smallest": "1or2"}, "format": {"displayStyle": "plain", "align": "left"}}, {"id": 323256171, "name": "guards", "dataTypeName": "text", "description": "Indicates whether a guard is present, and if the user felt it was a helpful or harmful guard. Not recorded for dead trees and stumps.", "fieldName": "guards", "position": 12, "renderTypeName": "text", "tableColumnId": 36530666, "width": 172, "cachedContents": {"largest": "Unsure", "non_null": 652172, "null": 31616, "top": [{"item": "None", "count": 20}, {"item": "Helpful", "count": 19}, {"item": "Harmful", "count": 18}, {"item": "Unsure", "count": 17}], "smallest": "Harmful"}, "format": {"displayStyle": "plain", "align": "left"}}, {"id": 323256172, "name": "sidewalk", "dataTypeName": "text", "description": "Indicates whether one of the sidewalk flags immediately adjacent to the tree was damaged, cracked, or lifted. Not recorded for dead trees and stumps.", "fieldName": "sidewalk", "position": 13, "renderTypeName": "text", "tableColumnId": 36530667, "width": 196, "cachedContents": {"largest": "NoDamage", "non_null": 652172, "null": 31616, "top": [{"item": "NoDamage", "count": 20}, {"item": "Damage", "count": 19}], "smallest": "Damage"}, "format": {"displayStyle": "plain", "align": "left"}}, {"id": 323256173, "name": "user_type", "dataTypeName": "text", "description": "This field describes the category of user who collected this tree point's data.", "fieldName": "user_type", "position": 14, "renderTypeName": "text", "tableColumnId": 36530668, "width": 208, "cachedContents": {"largest": "Volunteer", "non_null": 683788, "null": 0, "top": [{"item": "TreesCount Staff", "count": 20}, {"item": "Volunteer", "count": 19}, {"item": "NYC Parks Staff", "count": 18}], "smallest": "NYC Parks Staff"}, "format": {"displayStyle": "plain", "align": "left"}}, {"id": 323256174, "name": "problems", "dataTypeName": "text", "fieldName": "problems", "position": 15, "renderTypeName": "text", "tableColumnId": 39954673, "width": 100, "cachedContents": {"largest": "WiresRope,TrunkOther,Sneakers", "non_null": 652124, "null": 31664, "top": [{"item": "None", "count": 20}, {"item": "Stones", "count": 19}, {"item": "MetalGrates", "count": 18}, {"item": "RootOther", "count": 17}, {"item": "Stones,BranchOther", "count": 16}, {"item": "RootOther,TrunkOther,BranchOther", "count": 15}, {"item": "BranchOther", "count": 14}, {"item": "Stones,BranchLights", "count": 13}, {"item": "TrunkOther,BranchLights", "count": 12}, {"item": "TrunkOther", "count": 11}, {"item": "Stones,WiresRope", "count": 10}, {"item": "BranchLights", "count": 9}, {"item": "RootOther,BranchOther", "count": 8}, {"item": "Stones,WiresRope,BranchLights", "count": 7}, {"item": "WiresRope", "count": 6}, {"item": "WiresRope,BranchLights", "count": 5}, {"item": "Stones,TrunkOther", "count": 4}, {"item": "Stones,RootOther", "count": 3}, {"item": "Stones,RootOther,BranchLights", "count": 2}, {"item": "RootOther,TrunkOther", "count": 1}], "smallest": "BranchLights"}, "format": {}}, {"id": 323256175, "name": "root_stone", "dataTypeName": "text", "description": "Indicates the presence of a root problem caused by paving stones in tree bed", "fieldName": "root_stone", "position": 16, "renderTypeName": "text", "tableColumnId": 36530669, "width": 220, "cachedContents": {"largest": "Yes", "non_null": 683788, "null": 0, "top": [{"item": "No", "count": 20}, {"item": "Yes", "count": 19}], "smallest": "No"}, "format": {"displayStyle": "plain", "align": "left"}}, {"id": 323256176, "name": "root_grate", "dataTypeName": "text", "description": "Indicates the presence of a root problem caused by metal grates in tree bed", "fieldName": "root_grate", "position": 17, "renderTypeName": "text", "tableColumnId": 36530670, "width": 220, "cachedContents": {"largest": "Yes", "non_null": 683788, "null": 0, "top": [{"item": "No", "count": 20}, {"item": "Yes", "count": 19}], "smallest": "No"}, "format": {"displayStyle": "plain", "align": "left"}}, {"id": 323256177, "name": "root_other", "dataTypeName": "text", "description": "Indicates the presence of other root problems", "fieldName": "root_other", "position": 18, "renderTypeName": "text", "tableColumnId": 36530671, "width": 220, "cachedContents": {"largest": "Yes", "non_null": 683788, "null": 0, "top": [{"item": "No", "count": 20}, {"item": "Yes", "count": 19}], "smallest": "No"}, "format": {"displayStyle": "plain", "align": "left"}}, {"id": 323256178, "name": "trunk_wire", "dataTypeName": "text", "description": "Indicates the presence of a trunk problem caused by wires or rope wrapped around the trunk", "fieldName": "trunk_wire", "position": 19, "renderTypeName": "text", "tableColumnId": 36530672, "width": 220, "cachedContents": {"largest": "Yes", "non_null": 683788, "null": 0, "top": [{"item": "No", "count": 20}, {"item": "Yes", "count": 19}], "smallest": "No"}, "format": {"displayStyle": "plain", "align": "left"}}, {"id": 323256179, "name": "trnk_light", "dataTypeName": "text", "description": "Indicates the presence of a trunk problem caused by lighting installed on the tree", "fieldName": "trnk_light", "position": 20, "renderTypeName": "text", "tableColumnId": 36530673, "width": 220, "cachedContents": {"largest": "Yes", "non_null": 683788, "null": 0, "top": [{"item": "No", "count": 20}, {"item": "Yes", "count": 19}], "smallest": "No"}, "format": {"displayStyle": "plain", "align": "left"}}, {"id": 323256180, "name": "trnk_other", "dataTypeName": "text", "description": "Indicates the presence of other trunk problems", "fieldName": "trnk_other", "position": 21, "renderTypeName": "text", "tableColumnId": 36530674, "width": 220, "cachedContents": {"largest": "Yes", "non_null": 683788, "null": 0, "top": [{"item": "No", "count": 20}, {"item": "Yes", "count": 19}], "smallest": "No"}, "format": {"displayStyle": "plain", "align": "left"}}, {"id": 323256181, "name": "brch_light", "dataTypeName": "text", "description": "Indicates the presence of a branch problem caused by lights (usually string lights) or wires in the branches", "fieldName": "brch_light", "position": 22, "renderTypeName": "text", "tableColumnId": 36530675, "width": 220, "cachedContents": {"largest": "Yes", "non_null": 683788, "null": 0, "top": [{"item": "No", "count": 20}, {"item": "Yes", "count": 19}], "smallest": "No"}, "format": {"displayStyle": "plain", "align": "left"}}, {"id": 323256182, "name": "brch_shoe", "dataTypeName": "text", "description": "Indicates the presence of a branch problem caused by sneakers in the branches", "fieldName": "brch_shoe", "position": 23, "renderTypeName": "text", "tableColumnId": 36530676, "width": 208, "cachedContents": {"largest": "Yes", "non_null": 683788, "null": 0, "top": [{"item": "No", "count": 20}, {"item": "Yes", "count": 19}], "smallest": "No"}, "format": {"displayStyle": "plain", "align": "left"}}, {"id": 323256183, "name": "brch_other", "dataTypeName": "text", "description": "Indicates the presence of other branch problems", "fieldName": "brch_other", "position": 24, "renderTypeName": "text", "tableColumnId": 36530677, "width": 220, "cachedContents": {"largest": "Yes", "non_null": 683788, "null": 0, "top": [{"item": "No", "count": 20}, {"item": "Yes", "count": 19}], "smallest": "No"}, "format": {"displayStyle": "plain", "align": "left"}}, {"id": 323256184, "name": "address", "dataTypeName": "text", "description": "Nearest estimated address to tree", "fieldName": "address", "position": 25, "renderTypeName": "text", "tableColumnId": 36530680, "width": 184, "cachedContents": {"largest": "9 ZEPHYR AVENUE", "non_null": 683788, "null": 0, "top": [{"item": "600 3 AVENUE", "count": 20}, {"item": "491 GRANDVIEW AVENUE", "count": 19}, {"item": "112-001 72 DRIVE", "count": 18}, {"item": "1494 PUTNAM AVENUE", "count": 17}, {"item": "1349 64 STREET", "count": 16}, {"item": "131 ECKFORD STREET", "count": 15}, {"item": "81-020 PETTIT AVENUE", "count": 14}, {"item": "21 SOUTH END AVENUE", "count": 13}, {"item": "8922 3 AVENUE", "count": 12}, {"item": "140-040 31 DRIVE", "count": 11}, {"item": "8700 25 AVENUE", "count": 10}, {"item": "41 WEST 86 STREET", "count": 9}, {"item": "3879 VICTORY BOULEVARD", "count": 8}, {"item": "699 GROTE STREET", "count": 7}, {"item": "166 IRWIN STREET", "count": 6}, {"item": "86 WAVERLY AVENUE", "count": 5}, {"item": "149 EAST 23 STREET", "count": 4}, {"item": "67-008 JUNO STREET", "count": 3}, {"item": "345 WEST 13 STREET", "count": 2}, {"item": "2766 BEDFORD AVENUE", "count": 1}], "smallest": "0 5 AVENUE"}, "format": {"displayStyle": "plain", "align": "left"}}, {"id": 323256185, "name": "postcode", "dataTypeName": "number", "description": "Five-digit zipcode in which tree is located", "fieldName": "zipcode", "position": 26, "renderTypeName": "number", "tableColumnId": 36530684, "width": 184, "cachedContents": {"largest": "11697", "non_null": 683788, "average": "10916.24604409554", "null": 0, "top": [{"item": "10312", "count": 20}, {"item": "10314", "count": 19}, {"item": "11385", "count": 18}, {"item": "11211", "count": 17}, {"item": "11222", "count": 16}, {"item": "11374", "count": 15}, {"item": "11105", "count": 14}, {"item": "11226", "count": 13}, {"item": "11691", "count": 12}, {"item": "10457", "count": 11}, {"item": "11375", "count": 10}, {"item": "10458", "count": 9}, {"item": "11230", "count": 8}, {"item": "10024", "count": 7}, {"item": "10306", "count": 6}, {"item": "11215", "count": 5}, {"item": "11214", "count": 4}, {"item": "10002", "count": 3}, {"item": "10023", "count": 2}, {"item": "11205", "count": 1}], "smallest": "83", "sum": "7464398050"}, "format": {"precisionStyle": "standard", "noCommas": "true", "align": "right"}}, {"id": 323256186, "name": "zip_city", "dataTypeName": "text", "description": "City as derived from zipcode. This is often (but not always) the same as borough.", "fieldName": "zip_city", "position": 27, "renderTypeName": "text", "tableColumnId": 36530685, "width": 196, "cachedContents": {"largest": "Woodside", "non_null": 683788, "null": 0, "top": [{"item": "Forest Hills", "count": 20}, {"item": "Whitestone", "count": 19}, {"item": "Brooklyn", "count": 18}, {"item": "New York", "count": 17}, {"item": "Staten Island", "count": 16}, {"item": "Astoria", "count": 15}, {"item": "Elmhurst", "count": 14}, {"item": "Ridgewood", "count": 13}, {"item": "Bronx", "count": 12}, {"item": "Fresh Meadows", "count": 11}, {"item": "East Elmhurst", "count": 10}, {"item": "Flushing", "count": 9}, {"item": "Corona", "count": 8}, {"item": "Springfield Gardens", "count": 7}, {"item": "Queens Village", "count": 6}, {"item": "Rockaway Park", "count": 5}, {"item": "Long Island City", "count": 4}, {"item": "Bayside", "count": 3}, {"item": "Oakland Gardens", "count": 2}, {"item": "Jamaica", "count": 1}], "smallest": "Arverne"}, "format": {"displayStyle": "plain", "align": "left"}}, {"id": 323256187, "name": "community board", "dataTypeName": "number", "description": "Community board in which tree point is located", "fieldName": "cb_num", "position": 28, "renderTypeName": "number", "tableColumnId": 36530686, "width": 172, "cachedContents": {"largest": "503", "non_null": 683788, "average": "343.5054037216213", "null": 0, "top": [{"item": "407", "count": 20}, {"item": "401", "count": 19}, {"item": "503", "count": 18}, {"item": "312", "count": 17}, {"item": "315", "count": 16}, {"item": "411", "count": 15}, {"item": "413", "count": 14}, {"item": "501", "count": 13}, {"item": "318", "count": 12}, {"item": "305", "count": 11}, {"item": "502", "count": 10}, {"item": "414", "count": 9}, {"item": "405", "count": 8}, {"item": "412", "count": 7}, {"item": "403", "count": 6}, {"item": "409", "count": 5}, {"item": "410", "count": 4}, {"item": "408", "count": 3}, {"item": "310", "count": 2}, {"item": "302", "count": 1}], "smallest": "101", "sum": "234884873"}, "format": {"precisionStyle": "standard", "noCommas": "false", "align": "right"}}, {"id": 323256188, "name": "borocode", "dataTypeName": "number", "description": "Code for borough in which tree point is located:\n1 (Manhattan), 2 (Bronx), 3 (Brooklyn), 4 (Queens), 5 (Staten Island)\n", "fieldName": "borocode", "position": 29, "renderTypeName": "number", "tableColumnId": 36530687, "width": 196, "cachedContents": {"largest": "5", "non_null": 683788, "average": "3.358500002924883", "null": 0, "top": [{"item": "4", "count": 20}, {"item": "3", "count": 19}, {"item": "1", "count": 18}, {"item": "5", "count": 17}, {"item": "2", "count": 16}], "smallest": "1", "sum": "2296502"}, "format": {"precisionStyle": "standard", "noCommas": "false", "align": "right"}}, {"id": 323256189, "name": "borough", "dataTypeName": "text", "description": "Name of borough in which tree point is located", "fieldName": "boroname", "position": 30, "renderTypeName": "text", "tableColumnId": 36530688, "width": 196, "cachedContents": {"largest": "Staten Island", "non_null": 683788, "null": 0, "top": [{"item": "Queens", "count": 20}, {"item": "Brooklyn", "count": 19}, {"item": "Manhattan", "count": 18}, {"item": "Staten Island", "count": 17}, {"item": "Bronx", "count": 16}], "smallest": "Bronx"}, "format": {"displayStyle": "plain", "align": "left"}}, {"id": 323256190, "name": "cncldist", "dataTypeName": "number", "description": "Council district in which tree point is located", "fieldName": "cncldist", "position": 31, "renderTypeName": "number", "tableColumnId": 36530689, "width": 196, "cachedContents": {"largest": "51", "non_null": 683788, "average": "29.94318121991026", "null": 0, "top": [{"item": "29", "count": 20}, {"item": "19", "count": 19}, {"item": "39", "count": 18}, {"item": "50", "count": 17}, {"item": "51", "count": 16}, {"item": "31", "count": 15}, {"item": "48", "count": 14}, {"item": "23", "count": 13}, {"item": "13", "count": 12}, {"item": "49", "count": 11}, {"item": "20", "count": 10}, {"item": "46", "count": 9}, {"item": "45", "count": 8}, {"item": "32", "count": 7}, {"item": "17", "count": 6}, {"item": "42", "count": 5}, {"item": "37", "count": 4}, {"item": "30", "count": 3}, {"item": "28", "count": 2}, {"item": "27", "count": 1}], "smallest": "1", "sum": "20474788"}, "format": {"precisionStyle": "standard", "noCommas": "false", "align": "right"}}, {"id": 323256191, "name": "st_assem", "dataTypeName": "number", "description": "State Assembly District in which tree point is located", "fieldName": "st_assem", "position": 32, "renderTypeName": "number", "tableColumnId": 36530690, "width": 196, "cachedContents": {"largest": "87", "non_null": 683788, "average": "50.79158306375660", "null": 0, "top": [{"item": "64", "count": 20}, {"item": "62", "count": 19}, {"item": "26", "count": 18}, {"item": "33", "count": 17}, {"item": "61", "count": 16}, {"item": "59", "count": 15}, {"item": "25", "count": 14}, {"item": "63", "count": 13}, {"item": "23", "count": 12}, {"item": "60", "count": 11}, {"item": "32", "count": 10}, {"item": "29", "count": 9}, {"item": "24", "count": 8}, {"item": "28", "count": 7}, {"item": "27", "count": 6}, {"item": "31", "count": 5}, {"item": "38", "count": 4}, {"item": "52", "count": 3}, {"item": "37", "count": 2}, {"item": "57", "count": 1}], "smallest": "23", "sum": "34730675"}, "format": {"precisionStyle": "standard", "noCommas": "false", "align": "right"}}, {"id": 323256192, "name": "st_senate", "dataTypeName": "number", "description": "State Senate District in which tree point is located", "fieldName": "st_senate", "position": 33, "renderTypeName": "number", "tableColumnId": 36530691, "width": 208, "cachedContents": {"largest": "36", "non_null": 683788, "average": "20.61578149952909", "null": 0, "top": [{"item": "16", "count": 20}, {"item": "11", "count": 19}, {"item": "18", "count": 18}, {"item": "21", "count": 17}, {"item": "27", "count": 16}, {"item": "23", "count": 15}, {"item": "13", "count": 14}, {"item": "24", "count": 13}, {"item": "25", "count": 12}, {"item": "20", "count": 11}, {"item": "28", "count": 10}, {"item": "29", "count": 9}, {"item": "22", "count": 8}, {"item": "14", "count": 7}, {"item": "26", "count": 6}, {"item": "12", "count": 5}, {"item": "33", "count": 4}, {"item": "17", "count": 3}, {"item": "36", "count": 2}, {"item": "31", "count": 1}], "smallest": "10", "sum": "14096824"}, "format": {"precisionStyle": "standard", "noCommas": "false", "align": "right"}}, {"id": 323256193, "name": "nta", "dataTypeName": "text", "description": "This is the NTA Code corresponding to the neighborhood tabulation area from the 2010 US Census that the tree point falls into.", "fieldName": "nta", "position": 34, "renderTypeName": "text", "tableColumnId": 36530692, "width": 136, "cachedContents": {"largest": "SI54", "non_null": 683788, "null": 0, "top": [{"item": "QN20", "count": 20}, {"item": "MN12", "count": 19}, {"item": "BK73", "count": 18}, {"item": "QN72", "count": 17}, {"item": "QN17", "count": 16}, {"item": "BK42", "count": 15}, {"item": "BX06", "count": 14}, {"item": "BK43", "count": 13}, {"item": "BK37", "count": 12}, {"item": "BK76", "count": 11}, {"item": "BX17", "count": 10}, {"item": "SI45", "count": 9}, {"item": "MN27", "count": 8}, {"item": "BK26", "count": 7}, {"item": "BK33", "count": 6}, {"item": "MN31", "count": 5}, {"item": "SI05", "count": 4}, {"item": "MN14", "count": 3}, {"item": "MN20", "count": 2}, {"item": "BK69", "count": 1}], "smallest": "BK09"}, "format": {"displayStyle": "plain", "align": "left"}}, {"id": 323256194, "name": "nta_name", "dataTypeName": "text", "description": "This is the NTA name corresponding to the neighborhood tabulation area from the 2010 US Census that the tree point falls into.", "fieldName": "nta_name", "position": 35, "renderTypeName": "text", "tableColumnId": 36530693, "width": 196, "cachedContents": {"largest": "Yorkville", "non_null": 683788, "null": 0, "top": [{"item": "Ridgewood", "count": 20}, {"item": "Upper West Side", "count": 19}, {"item": "North Side-South Side", "count": 18}, {"item": "Steinway", "count": 17}, {"item": "Forest Hills", "count": 16}, {"item": "Flatbush", "count": 15}, {"item": "Belmont", "count": 14}, {"item": "Midwood", "count": 13}, {"item": "Park Slope-Gowanus", "count": 12}, {"item": "Greenpoint", "count": 11}, {"item": "East Tremont", "count": 10}, {"item": "New Dorp-Midland Beach", "count": 9}, {"item": "Chinatown", "count": 8}, {"item": "Gravesend", "count": 7}, {"item": "Carroll Gardens-Columbia Street-Red Hook", "count": 6}, {"item": "Lenox Hill-Roosevelt Island", "count": 5}, {"item": "New Springville-Bloomfield-Travis", "count": 4}, {"item": "Lincoln Square", "count": 3}, {"item": "Murray Hill-Kips Bay", "count": 2}, {"item": "Clinton Hill", "count": 1}], "smallest": "Allerton-Pelham Gardens"}, "format": {"displayStyle": "plain", "align": "left"}}, {"id": 323256195, "name": "boro_ct", "dataTypeName": "number", "description": "This is the boro_ct identifyer for the census tract that the tree point falls into.", "fieldName": "boro_ct", "position": 36, "renderTypeName": "number", "tableColumnId": 36530694, "width": 184, "cachedContents": {"largest": "5032300", "non_null": 683788, "average": "3404914.118364171", "null": 0, "top": [{"item": "5012200", "count": 20}, {"item": "1016500", "count": 19}, {"item": "3019100", "count": 18}, {"item": "4093800", "count": 17}, {"item": "1011900", "count": 16}, {"item": "5017600", "count": 15}, {"item": "3043900", "count": 14}, {"item": "1011000", "count": 13}, {"item": "1008000", "count": 12}, {"item": "4026902", "count": 11}, {"item": "3015700", "count": 10}, {"item": "1006800", "count": 9}, {"item": "4070700", "count": 8}, {"item": "1007700", "count": 7}, {"item": "3077200", "count": 6}, {"item": "3035300", "count": 5}, {"item": "3053200", "count": 4}, {"item": "3054800", "count": 3}, {"item": "4016900", "count": 2}, {"item": "3051001", "count": 1}], "smallest": "1000201", "sum": "2328239415168"}, "format": {"precisionStyle": "standard", "noCommas": "false", "align": "right"}}, {"id": 323256196, "name": "state", "dataTypeName": "text", "description": "All features given value 'New York'", "fieldName": "state", "position": 37, "renderTypeName": "text", "tableColumnId": 36530695, "width": 160, "cachedContents": {"largest": "New York", "non_null": 683788, "null": 0, "top": [{"item": "New York", "count": 20}], "smallest": "New York"}, "format": {"displayStyle": "plain", "align": "left"}}, {"id": 323256197, "name": "latitude", "dataTypeName": "number", "description": "Latitude of point, in decimal degrees", "fieldName": "latitude", "position": 38, "renderTypeName": "number", "tableColumnId": 36530696, "width": 196, "cachedContents": {"largest": "40.91291831", "non_null": 683788, "average": "40.70126147546805", "null": 0, "top": [{"item": "40.6936058", "count": 20}, {"item": "40.70988623", "count": 19}, {"item": "40.72050262", "count": 18}, {"item": "40.69709358", "count": 17}, {"item": "40.62584652", "count": 16}, {"item": "40.72401358", "count": 15}, {"item": "40.74396699", "count": 14}, {"item": "40.70788449", "count": 13}, {"item": "40.62086143", "count": 12}, {"item": "40.76978696", "count": 11}, {"item": "40.59567344", "count": 10}, {"item": "40.78614958", "count": 9}, {"item": "40.59545869", "count": 8}, {"item": "40.85111545", "count": 7}, {"item": "40.57860297", "count": 6}, {"item": "40.69520351", "count": 5}, {"item": "40.73927037", "count": 4}, {"item": "40.7167409", "count": 3}, {"item": "40.73991341", "count": 2}, {"item": "40.63517488", "count": 1}], "smallest": "40.49846614", "sum": "27831034.18178735"}, "format": {"precisionStyle": "standard", "noCommas": "false", "align": "right"}}, {"id": 323256198, "name": "longitude", "dataTypeName": "number", "description": "Longitude of point, in decimal degrees", "fieldName": "longitude", "position": 39, "renderTypeName": "number", "tableColumnId": 36530697, "width": 208, "cachedContents": {"largest": "-73.70048817", "non_null": 683788, "average": "-73.92405951203186", "null": 0, "top": [{"item": "-73.96588631", "count": 20}, {"item": "-73.90788772", "count": 19}, {"item": "-73.83746968", "count": 18}, {"item": "-73.90983018", "count": 17}, {"item": "-73.99958242", "count": 16}, {"item": "-73.94896714", "count": 15}, {"item": "-73.88360431", "count": 14}, {"item": "-74.01759812", "count": 13}, {"item": "-74.03222368", "count": 12}, {"item": "-73.82724528", "count": 11}, {"item": "-73.98963721", "count": 10}, {"item": "-73.97115239", "count": 9}, {"item": "-74.18446038", "count": 8}, {"item": "-73.88551113", "count": 7}, {"item": "-73.94373349", "count": 6}, {"item": "-73.96830596", "count": 5}, {"item": "-73.98396002", "count": 4}, {"item": "-73.85717727", "count": 3}, {"item": "-74.00489247", "count": 2}, {"item": "-73.9533915", "count": 1}], "smallest": "-74.2549647", "sum": "-50548384.80561324"}, "format": {"precisionStyle": "standard", "noCommas": "false", "align": "right"}}, {"id": 323256199, "name": "x_sp", "dataTypeName": "number", "description": "X coordinate, in state plane. Units are feet.", "fieldName": "x_sp", "position": 40, "renderTypeName": "number", "tableColumnId": 36530698, "width": 148, "cachedContents": {"largest": "1067247.624", "non_null": 683788, "average": "1005279.860539646", "null": 0, "top": [{"item": "993709.9781", "count": 20}, {"item": "1009787.177", "count": 19}, {"item": "1029302.656", "count": 18}, {"item": "1009253.449", "count": 17}, {"item": "984365.9154", "count": 16}, {"item": "998395.3369", "count": 15}, {"item": "1016502.998", "count": 14}, {"item": "979370.9566", "count": 13}, {"item": "975304.385", "count": 12}, {"item": "1032101.396", "count": 11}, {"item": "987127.8994", "count": 10}, {"item": "992238.5526", "count": 9}, {"item": "933022.5076", "count": 8}, {"item": "1015923.601", "count": 7}, {"item": "999880.0314", "count": 6}, {"item": "993038.7816", "count": 5}, {"item": "988694.958", "count": 4}, {"item": "1023842.042", "count": 3}, {"item": "982894.2232", "count": 2}, {"item": "997186.2103", "count": 1}], "smallest": "913349.2661", "sum": "687398305278.6837"}, "format": {"precisionStyle": "standard", "noCommas": "false", "align": "right"}}, {"id": 323256200, "name": "y_sp", "dataTypeName": "number", "description": "Y coordinate, in state plane. Units are feet", "fieldName": "y_sp", "position": 41, "renderTypeName": "number", "tableColumnId": 36530699, "width": 148, "cachedContents": {"largest": "271894.0921", "non_null": 683788, "average": "194798.4246248381", "null": 0, "top": [{"item": "191977.5843", "count": 20}, {"item": "197920.6157", "count": 19}, {"item": "201816.8592", "count": 18}, {"item": "193259.3143", "count": 17}, {"item": "167289.1412", "count": 16}, {"item": "203058.3347", "count": 15}, {"item": "210345.2969", "count": 14}, {"item": "197178.3833", "count": 13}, {"item": "165474.5887", "count": 12}, {"item": "219778.1077", "count": 11}, {"item": "156296.4745", "count": 10}, {"item": "225693.6953", "count": 9}, {"item": "156272.0015", "count": 8}, {"item": "249382.4891", "count": 7}, {"item": "150082.1221", "count": 6}, {"item": "192559.4246", "count": 5}, {"item": "208613.1475", "count": 4}, {"item": "200436.8292", "count": 3}, {"item": "208847.0571", "count": 2}, {"item": "170691.1557", "count": 1}], "smallest": "120973.7922", "sum": "133200825177.3688"}, "format": {"precisionStyle": "standard", "noCommas": "false", "align": "right"}}, {"id": 323256823, "name": "council district", "dataTypeName": "number", "fieldName": "council_district", "position": 42, "renderTypeName": "number", "tableColumnId": 54284130, "width": 100, "cachedContents": {"largest": "51", "non_null": 677269, "average": "30.02733035175093", "null": 6519, "top": [{"item": "29", "count": 20}, {"item": "19", "count": 19}, {"item": "39", "count": 18}, {"item": "51", "count": 17}, {"item": "50", "count": 16}, {"item": "31", "count": 15}, {"item": "48", "count": 14}, {"item": "23", "count": 13}, {"item": "13", "count": 12}, {"item": "49", "count": 11}, {"item": "20", "count": 10}, {"item": "46", "count": 9}, {"item": "45", "count": 8}, {"item": "32", "count": 7}, {"item": "17", "count": 6}, {"item": "42", "count": 5}, {"item": "37", "count": 4}, {"item": "30", "count": 3}, {"item": "28", "count": 2}, {"item": "27", "count": 1}], "smallest": "1", "sum": "20336580"}, "format": {}}, {"id": 323256824, "name": "census tract", "dataTypeName": "number", "fieldName": "census_tract", "position": 43, "renderTypeName": "number", "tableColumnId": 54284131, "width": 100, "cachedContents": {"largest": "157903", "non_null": 677269, "average": "11957.36842229602", "null": 6519, "top": [{"item": "122", "count": 20}, {"item": "165", "count": 19}, {"item": "157", "count": 18}, {"item": "191", "count": 17}, {"item": "119", "count": 16}, {"item": "176", "count": 15}, {"item": "80", "count": 14}, {"item": "26902", "count": 13}, {"item": "169", "count": 12}, {"item": "51001", "count": 11}, {"item": "381", "count": 10}, {"item": "519", "count": 9}, {"item": "707", "count": 8}, {"item": "201", "count": 7}, {"item": "23502", "count": 6}, {"item": "1341", "count": 5}], "smallest": "1", "sum": "8098354954"}, "format": {}}, {"id": 323256825, "name": "bin", "dataTypeName": "number", "fieldName": "bin", "position": 44, "renderTypeName": "number", "tableColumnId": 54284132, "width": 100, "cachedContents": {"largest": "5515124", "non_null": 674229, "average": "3495439.006315362", "null": 9559, "top": [{"item": "1019483", "count": 20}, {"item": "4037315", "count": 19}, {"item": "1075698", "count": 18}, {"item": "3154139", "count": 17}, {"item": "4467432", "count": 16}, {"item": "3186146", "count": 15}, {"item": "1031403", "count": 14}, {"item": "5042061", "count": 13}, {"item": "2012814", "count": 12}, {"item": "3246493", "count": 11}, {"item": "3054324", "count": 10}, {"item": "1018045", "count": 9}, {"item": "4075477", "count": 8}, {"item": "1011692", "count": 7}, {"item": "3037519", "count": 6}, {"item": "3180008", "count": 5}, {"item": "3183517", "count": 4}, {"item": "4000947", "count": 3}, {"item": "3328218", "count": 2}, {"item": "2013548", "count": 1}], "smallest": "1000000", "sum": "2356726345789"}, "format": {"precisionStyle": "standard", "noCommas": "true", "align": "right"}}, {"id": 323256826, "name": "bbl", "dataTypeName": "number", "fieldName": "bbl", "position": 45, "renderTypeName": "number", "tableColumnId": 54284133, "width": 100, "cachedContents": {"largest": "5080500094", "non_null": 674229, "average": "3413413626.228289", "null": 9559, "top": [{"item": "1009960029", "count": 20}, {"item": "1008950045", "count": 19}, {"item": "1000167509", "count": 18}, {"item": "3060630046", "count": 17}, {"item": "4044140045", "count": 16}, {"item": "3068780048", "count": 15}, {"item": "1012000011", "count": 14}, {"item": "5027840010", "count": 13}, {"item": "2031010020", "count": 12}, {"item": "3087510434", "count": 11}, {"item": "3018880066", "count": 10}, {"item": "1008790030", "count": 9}, {"item": "4031830014", "count": 8}, {"item": "1006297503", "count": 7}, {"item": "3013950041", "count": 6}, {"item": "3067170026", "count": 5}, {"item": "3068100008", "count": 4}, {"item": "4001290067", "count": 3}, {"item": "3051250060", "count": 2}, {"item": "2031490147", "count": 1}], "smallest": "0", "sum": "2301422455798273"}, "format": {"precisionStyle": "standard", "noCommas": "true", "align": "right"}}], "grants": [{"inherited": false, "type": "viewer", "flags": ["public"]}], "metadata": {"rdfSubject": "0", "rdfClass": "", "attachments": [{"filename": "StreetTreeCensus2015TreesDataDictionary20161102.pdf", "assetId": "8705bfd6-993c-40c5-8620-0c81191c7e25", "blobId": "", "name": "StreetTreeCensus2015TreesDataDictionary20161102.pdf"}], "custom_fields": {"Update": {"Automation": "No", "Date Made Public": "6/3/2016", "Update Frequency": "Historical Data"}, "Dataset Information": {"Agency": "Department of Parks and Recreation (DPR)"}}, "rowIdentifier": "0", "rowLabel": "Tree", "availableDisplayTypes": ["table", "fatrow", "page"], "renderTypeConfig": {"visible": {"table": true}}}, "owner": {"id": "5fuc-pqz2", "displayName": "NYC OpenData", "profileImageUrlLarge": "/api/users/5fuc-pqz2/profile_images/LARGE", "profileImageUrlMedium": "/api/users/5fuc-pqz2/profile_images/THUMB", "profileImageUrlSmall": "/api/users/5fuc-pqz2/profile_images/TINY", "screenName": "NYC OpenData", "type": "interactive", "flags": ["acceptedEula", "mayBeStoriesCoOwner"]}, "query": {}, "rights": ["read"], "tableAuthor": {"id": "5fuc-pqz2", "displayName": "NYC OpenData", "profileImageUrlLarge": "/api/users/5fuc-pqz2/profile_images/LARGE", "profileImageUrlMedium": "/api/users/5fuc-pqz2/profile_images/THUMB", "profileImageUrlSmall": "/api/users/5fuc-pqz2/profile_images/TINY", "screenName": "NYC OpenData", "type": "interactive", "flags": ["acceptedEula", "mayBeStoriesCoOwner"]}, "tags": ["parks", "trees", "treescount", "census", "dpr", "nycopendata", "2018od4a-report"], "flags": ["default", "ownerMayBeContacted", "restorable", "restorePossibleForType"]}